{"_wandb":{"runtime":1},"_step":0,"accuracy":0.3,"_timestamp":1.7404870788841112e+09,"_runtime":1.005866}