{"_step":0,"accuracy":0.3,"_wandb":{"runtime":0},"_timestamp":1.740487212151024e+09,"_runtime":0.823527}